{
  "EU27_2020": "Europäische Union",
  "EU28": "Europäische Union (28 Länder)",
  "EA19": "Euroraum",
  "BE": "Belgien",
  "BG": "Bulgarien",
  "CZ": "Tschechien",
  "DK": "Dänemark",
  "DE": "Deutschland",
  "DEmobile": "Deutschland",
  "EE": "Estland",
  "IE": "Irland",
  "EL": "Griechenland",
  "ES": "Spanien",
  "FR": "Frankreich",
  "HR": "Kroatien",
  "IT": "Italien",
  "CY": "Zypern",
  "LV": "Lettland",
  "LT": "Litauen",
  "LI": "Liechtenstein",
  "LU": "Luxemburg",
  "HU": "Ungarn",
  "MT": "Malta",
  "NL": "Niederlande",
  "AT": "Österreich",
  "PL": "Polen",
  "PT": "Portugal",
  "RO": "Rumänien",
  "SI": "Slowenien",
  "SK": "Slowakei",
  "FI": "Finnland",
  "SE": "Schweden",
  "UK": "Vereinigtes Königreich",
  "IS": "Island",
  "NO": "Norwegen",
  "CH": "Schweiz",
  "ME": "Montenegro",
  "MK": "Nord-Mazedonien",
  "AL": "Albanien",
  "RS": "Serbien",
  "TR": "Türkei",
  "AD": "Andorra",
  "BY": "Weißrussland",
  "BA": "Bosnien und Herzegowina",
  "GI": "Gibraltar (Vereinigtes Königreich)",
  "XK": "Kosovo",
  "XKmobile": "Kosovo",
  "MD": "Moldawien",
  "RU": "Russland",
  "UA": "Ukraine",
  "AO": "Angola",
  "CM": "Kamerun",
  "CG": "Kongo",
  "CD": "Demokratische Republik Kongo",
  "GQ": "Äquatorialguinea",
  "GA": "Gabun",
  "ST": "São Tomé und Príncipe",
  "DJ": "Dschibuti",
  "ER": "Eritrea",
  "ET": "Äthiopien",
  "KE": "Kenia",
  "MG": "Madagaskar",
  "MU": "Mauritius",
  "MZ": "Mosambik",
  "UG": "Uganda",
  "TZ": "Tansania",
  "DZ": "Algerien",
  "EG": "Ägypten",
  "LY": "Libyen",
  "MA": "Marokko",
  "SD": "Sudan",
  "TN": "Tunesien",
  "NA": "Namibia",
  "ZA": "Südafrika",
  "BJ": "Benin",
  "CV": "Cabo Verde",
  "KI": "Elfenbeinküste",
  "GH": "Ghana",
  "GW": "Guinea-Bissau",
  "LR": "Liberia",
  "MR": "Mauretanien",
  "NG": "Nigeria",
  "SN": "Senegal",
  "SL": "Sierra Leone",
  "TG": "Togo",
  "CA": "Kanada",
  "US": "Vereinigte Staaten",
  "AW": "Aruba (NL)",
  "BS": "Bahamas",
  "BB": "Barbados",
  "CU": "Kuba",
  "CW": "Curaçao",
  "DO": "Dominikanische Republik",
  "JM": "Jamaika",
  "TT": "Trinidad und Tobago",
  "CR": "Costa Rica",
  "GT": "Guatemala",
  "HN": "Honduras",
  "MX": "Mexiko",
  "PA": "Panama",
  "AR": "Argentinien",
  "BO": "Bolivien",
  "BR": "Brasilien",
  "CL": "Chile",
  "CO": "Kolumbien",
  "EC": "Ecuador",
  "PE": "Peru",
  "UY": "Uruguay",
  "VE": "Venezuela",
  "KZ": "Kasachstan",
  "KG": "Kirgisistan",
  "TM": "Turkmenistan",
  "UZ": "Usbekistan",
  "CN": "China einschließlich Hongkong",
  "HK": "Hongkong",
  "JP": "Japan",
  "MN": "Mongolei",
  "KP": "Nordkorea",
  "KR": "Südkorea",
  "TW": "Taiwan",
  "BD": "Bangladesch",
  "IN": "Indien",
  "IR": "Iran",
  "NP": "Nepal",
  "PK": "Pakistan",
  "LK": "Sri Lanka",
  "KH": "Kambodscha",
  "ID": "Indonesien",
  "MY": "Malaysia",
  "MM": "Myanmar/Burma",
  "PH": "Philippinen",
  "SG": "Singapur",
  "TH": "Thailand",
  "TL": "Timor-Leste",
  "VN": "Vietnam",
  "AM": "Armenien",
  "AZ": "Aserbaidschan",
  "BH": "Bahrain",
  "GE": "Georgien",
  "IQ": "Irak",
  "IL": "Israel",
  "JO": "Jordanien",
  "KW": "Kuwait",
  "LB": "Libanon",
  "OM": "Oman",
  "QA": "Katar",
  "SA": "Saudi-Arabien",
  "SY": "Syrien",
  "AE": "Vereinigte Arabische Emirate",
  "JA": "Jemen",
  "AU": "Australien",
  "NZ": "Neuseeland",
  "NC": "Neukaledonien (FR)",
  "PG": "Papua-Neuguinea",
  "MH": "Marshall-Inseln",
  "BN": "Brunei Darussalam",


  "FLAG_NA": "Non disponible",
  "FLAG_C": "Confidentiel",
  "FLAG_P": "provisoire",
  "FLAG_E": "estimé",
  "FLAG_N": "non significatif",
  "FLAG_B": "rupture de série temporelle",
  "FLAG_S": "estimation Eurostat",
  "FLAG_F": "prévision",
  "FLAG_U": "faible fiabilité",
  "FLAG_D": "la définition diffère, voir les métadonnées",
  "FLAG_I": "voir les métadonnées",
  "FLAG_R": "révisé",
  "FLAG_Z": "sans objet",

  "C0100": "Steinkohle",
  "C0200": "Braunkohle",
  "C0311": "Koksofenkoks",
  "P1100": "Torf",
  "S2000": "Ölschiefer und Ölsand",
  "O4640": "Naphtha",
  "O4652": "Motorbenzin",
  "O4661": "Kerosin-Düsentreibstoff",
  "O4671": "Gasöl und Dieselöl",
  "O4630": "Flüssiggas",
  "O4680": "Heizöl",
  "G3000": "Erdgas",
  "E7000": "Elektrizität",
  "C0000": "Kohle und hergestellte Gase",
  "O4000XBIO": "Öl und Erdölprodukte (ohne Biokraftstoffanteil)",
  "N9000": "Kernbrennstoffe und andere Brennstoffe n.e.c.",
  "RA100": "Hydro",
  "RA200": "Geothermie",
  "RA300": "Wind",
  "RA400": "Solar",
  "RA500_5160": "Andere erneuerbare Energien",
  "O4000": "Öl und Erdölprodukte",
  "O4100_TOT_4200-4500": "Rohöl, NGL, Raffinerie-Rohstoffe, Additive und Oxygenate und andere Kohlenwasserstoffe",
  "O4600": "Ölprodukte",
  "rw": "Erneuerbare Energien",
  "Nrw": "Nicht erneuerbare Energien",
  "nrw": "Nicht erneuerbare Energien",
  "TOTAL": "Gesamt",
  "X9900": "Andere Kraftstoffe n.e.c.",
  "CF": "Brennbare Brennstoffe",

  "rwTitle": "Erneuerbar und nicht erneuerbar",

  "pie": "Kreisdiagramm anzeigen",
  "barchart": "Balkendiagramm anzeigen",
  "dataset": "Datensatz",
  "metadata": "Metadaten",
  "details": "Zeige Details",
  "info": "Zeige Info",
  "totals": "Zeige Details",  
  "htotals": "Details ausblenden",
  "close": "schließen",
  "share": "Einbetten",
  "msg": "Text in die Zwischenablage kopiert",
  "copy": "Kopieren",
  "values": "Werte",

  "VOL_THS_BBL": "Volumen - tausend Barrel",
  "AVGPRC_USD_BBL": "Durchschnittspreis - USD pro Barrel",
  "AVGPRC_USD_T": "Durchschnittspreis - USD pro Tonne",
  "WT_THS_T": "Gewicht - tausend Tonnen",

  "1stepVOL_THS_BBL": "Volumen ", 
  "1stepAVGPRC_USD_BBL": "Durchschnittspreis ", 
  "1stepAVGPRC_USD_T": "Durchschnittspreis ", 
  "1stepWT_THS_T": "Gewicht ",

  "2stepVOL_THS_BBL": " tausend Barrel", 
  "2stepAVGPRC_USD_BBL": " USD pro Barrel",
  "2stepAVGPRC_USD_T": " USD pro Tonne",
  "2stepWT_THS_T": " tausend Tonnen",

  "high": "Höchster Wert dieses Monats",
  "low": "Niedrigster Wert dieses Monats",

  "mobileWarning": "Dieses Tool ist nicht für kleine Bildschirme konzipiert. Vielen Dank für Ihr Verständnis",

  "IPRD": "Indigene Produktion",
  "IMP": "Importe",
  "EXP": "Exporte",
  "PRD": "Produktion",
  "NETIMP": "Nettoimporte",
  "GID_CAL": "Brutto-Inlandslieferungen - berechnet",
  "Net_imp": "Nettoimporte",
  "TO_RPI_RO": "Raffinerieausgabe",
  "STK_CHG_MG": "Bestandsveränderungen - wie in MOS GAS definiert",
  "IC_CAL_MG": "Inlandverbrauch - berechnet wie in MOS GAS definiert",
  "DL": "Verteilungsverluste",
  "AIM": "Für den Binnenmarkt verfügbar",
  "noNrg": "Kein NRG im Datensatz",
  "NEG": "Nettostromerzeugung nach Brennstoffart",
  "RVN": "Erneuerbare gegen nicht erneuerbare",

"MIO_M3": "Million Kubikmeter (MIO_M3)",
"TJ_GCV": "Terajoule (Bruttowärmeinhalt - GCV) (TJ_GCV)",
"THS_T": "Tausend Tonnen (THS_T)",
"GWH": "Gigawattstunde (GWH)",

  "nrg_cb_sffm": "Lieferung und Umwandlung fester fossiler Brennstoffe",
  "nrg_cb_oilm": "Lieferung und Umwandlung von Öl und Erdölprodukten",
  "nrg_cb_cosm": "Rohölversorgung",
  "nrg_cb_gasm": "Lieferung, Umwandlung und Verbrauch von Gas",
  "nrg_cb_em": "Lieferung, Umwandlung und Verbrauch von Elektrizität",
  "nrg_cb_pem": "Nettostromerzeugung nach Brennstoffart",
  "nrg_cb_pem_RW": "Nettostromerzeugung Erneuerbare gegen nicht erneuerbare Elektrizität",

  "nrg_cb_cosm_Fuel": "Rohöl",

  "menu-chart-title": "Diagramm auswählen",
  "BOX_COUNTRY_TITLE": "Land auswählen",
  "menu-country-title": "Land auswählen",
  "MENU_MORE": "Anleitung",
  "BOX_CHART_TITLE": "Diagramm auswählen",
  "BOX_SIEC_TITLE": "Kraftstoff auswählen",
  "BOX_NRG_TITLE": "Fluss auswählen",
  "BOX_MORE_TITLE": "Anleitung",
  "BOX_UNIT_TITLE": "Einheit auswählen",
  "sharemodaltitle": "Diagramm einbetten",
  "autocompare": "Durchschnittlich",

  "eurostat": "Source Eurostat",
  "total": "Alle Kraftstoffe",
  
  "TUTORIAL": "Anleitung",
  "sankey": "Energiebilanzfluss",
  "ENPRICES": "Energiepreis-Tool",
  "ENTRADE": "Energiehandelsinstrument",
  "ENDASH": "Energie-enmonthly-Tool",
  "CONTACT": "Kontaktieren Sie uns",

  "inftitle": "Energiedaten",

  "TABTITLE0": "Definitionen",

  "TABTITLE1": "Energiedaten",
  "TAB1": "Energiestatistiken stehen aufgrund ihrer strategischen Bedeutung für ein wettbewerbsfähiges und nachhaltiges Wirtschaftswachstum im Fokus. In den letzten Jahren sah sich die Europäische Union einer Reihe wichtiger Energiefragen gegenüber. Diese haben das Thema Energie auf den nationalen und europäischen Tagesordnungen weit nach oben gerückt . Energiestatistiken liefern den politischen Entscheidungsträgern wichtige Informationen. Um die stetig steigenden Ansprüche der politischen Entscheidungsträger an die statistische Überwachung im Energiebereich zu erfüllen, hat Eurostat ein schlüssiges und harmonisiertes Energiestatistiksystem entwickelt. Die jährlichen, halbjährlichen und monatlichen Datensammlungen umfassen die EU-Mitgliedstaaten, die Staaten des Europäischen Wirtschaftsraums, Kandidatenländer, potentielle Kandidaten und die Vertragsparteien der Energiegemeinschaft.",

  "TABTITLE2": "Jährliche Energiedaten",
  "TAB2": "Sie sind jährliche Daten für Rohöl, Erdölerzeugnisse, Erdgas, Strom, abgeleitete Wärme, feste Brennstoffe sowie Energie aus erneuerbaren Quellen und Abfall, wobei alle Positionen der Energiebilanz von der Erzeugung über die Umwandlung bis zum Endenergieverbrauch nach Sektoren und Brennstoffarten abgedeckt werden. Jährliche Statistiken für Kernenergie sind ebenfalls verfügbar. Eurostat hat ein <a href=\"//ec.europa.eu/eurostat/cache/sankey/energy/sankey.html\" target=\"_blank\"><u>interaktives Tool</u></a>  entwickelt, um jährliche Energiedaten durch Flussdiagramme (sogenannte Sankey-Diagramme) zu visualisieren. Das Tool ermöglicht es Ihnen, Ihr eigenes Diagramm zusammenzustellen und verschiedene Optionen (Land, Jahr, Kraftstoff, Detailgrad, etc.) auszuprobieren.",

  "TABTITLE3": "Monatliche Energiedaten",
  "TAB3": "Eurostat sammelt und veröffentlicht monatliche Energiedaten zur Versorgung und in begrenztem Umfang zum Verbrauch verschiedener Kraftstoffe; Diese Daten umfassen derzeit die Kohlen / feste fossile Brennstoffe, Erdgas, Öl und Ölprodukte und Strom. Eurostat hat ein interaktives Tool entwickelt, um monatliche Energiedaten durch Diagramme zu visualisieren.",

  "TABTITLE4": "Energiepreisen",
  "TAB4": "Sie sind halbjährliche und jährliche Zahlen zu Elektrizitäts-(or: Strom-) und Erdgaspreisen werden geliefert sowohl für Nicht-Haushaltskunden als auch für Haushaltskunden und für verschiedene Verbrauchsspannen. Halbjährliche Preise werden ohne Steuern, mit Mehrwertsteuer und einschließlich aller Steuern angegeben. Jährliche Daten bestehen aus mehr Preiskomponenten wie den Energiekosten, den Kosten für das Stromnetz und den Steuern. Zusätzlich werden nationale Durchschnittspreise für diese Preiskomponenten angegeben. Eurostat hat ein <a href=\"//ec.europa.eu/eurostat/cache/infographs/energy_prices/enprices.html\" target=\"_blank\"><u>interaktives Tool</u></a> entwickelt, um Zahlen zu Elektrizitäts-(or: Strom-) und Erdgaspreisen durch Diagramme zu visualisieren.",

  "TABTITLE5": "Energieindikatoren",
  "TAB5": "Eurostat produziert einige ausgewählte Energieindikatoren aus den Hauptbereichen der europäischen Politik (Beispiel: Anteil der Energie aus erneuerbaren Quellen). Eurostat hat ein interaktives Tool entwickelt, um Energieindikatoren durch Diagramme zu visualisieren.",

  "TABTITLE6": "Energiehandelsdaten",
  "TAB6": "Dies sind jährliche Daten zu Importen und Exporten von Erdgas, Rohöl und Ölprodukten, Elektrizität, festen fossilen Brennstoffen, Holzpellets, flüssigen Biokraftstoffen ... Eurostat hat ein <a href = \"//ec.europa.eu/eurostat/cache/infographs/energy_trade/entrade.html\" target=\" _ blank\"> <u>interaktives Tool </u></a> entwickelt, um herauszufinden, wer die wichtigsten Handelspartner Ihres Landes sind und die Handelsströme visualisieren.",

  "Jan" :"Jän",
  "Feb" :"Feb",
  "Mar" :"März",
  "Apr" :"Apr",
  "May" :"Mai",
  "Jun" :"Juni",
  "Jul" :"Juli",
  "Aug" :"Aug",
  "Sep" :"Sept",
  "Oct" :"Okt",
  "Nov" :"Nov",
  "Dec" :"Dec",

  "LINKS": "Links",
  "COOKIES": "Cookies",
	"PRIVACY": "Datenschutz",
	"LEGAL": "Rechtlicher Hinweis",
  "ACCESS": "Zugänglichkeit",

  
  "COOKIETEXT": "Im Interesse der Benutzerfreundlichkeit verwenden wir auf unseren Seiten Cookies. Erfahren Sie mehr \u00fcber <a href=\"//ec.europa.eu/cookies/index_de.htm\" target=\"_blank\">unsere Cookie-Politik.</a>",
  "COOKIECOMPLETEclose": "Schlie\u00dfen",
  "COOKIECOMPLETEacceptAll": "Alle Cookies akzeptieren",
  "COOKIECOMPLETEonlyTechnical": "Nur unbedingt notwendige Cookies akzeptieren",
  "COOKIECOMPLETE": "Ihre Cookie-Pr\u00e4ferenzen wurden gespeichert. Sie k\u00f6nnen sie jederzeit \u00e4ndern. Informieren Sie sich \u00fcber unsere <a href=\"//ec.europa.eu/info/cookies_de\" target=\"_blank\">Cookie-Politik</a> oder klicken Sie auf den Link in der Fu\u00dfzeile.",

  "header-title-label": "Monatliche Energie",
	"MAINMENU": "Menü",
	"COUNTRY": "Land",
	"FUEL": "Brennstoff",
	"CONSUMER": "Verbraucher",
	"REFERENCE": "Referenzzeitraum",
	"CONSUME": "Verbrauchsniveau",
	"UNIT": "Einheit",
	"all": "Alle Länder auswählen",
	"KWH_GE15000": "Band DE: Verbrauch von 15.000 kWh oder mehr",
	"FEED": "Rückmeldung",
	"TOOLS": "Werkzeuge",
	"DB": "Zugriff auf Datensatz",
	"%": "in Prozent",
	"TOGGLEAGREGATES": "Aggregierte Daten umschalten",
	"MENU_COUNTRY": "Länder auswählen",
	"MENU_FUEL": "Brennstoff auswählen",
	"MENU_CONSUMER": "Verbraucher auswählen",
	"MENU_BAND": "Verbrauchsniveau auswählen",
	"MENU_UNIT": "Einheit auswählen",
	"MENU_COUNTRY_SORTING": "Reihenfolge der Länder auswählen",
	"MENU_SAVE_DIAGRAM": "Diagramm speichern",
	"MENU_YEARS": "Jahr auswählen",
	"NODATA": "Keine Daten verfügbar",
	"CREDITS": "Quelle: Eurostat",
	"downloadPNG": "Als PNG-Bild herunterladen",
	"downloadJPEG": "Als JPEG-Bild herunterladen",
	"downloadPDF": "Als PDF-Dokument herunterladen",
	"downloadSVG": "Als Vektordokument herunterladen",
	"downloadCSV": "CSV herunterladen",
	"downloadXLS": "Excel-Datei herunterladen",
	"INDICATOR": "Indikator",
	"SELECTINDICATOR": "Indikator auswählen",
	"FLOW": "Fluss",
	"SELECTFLOW": "Fluss auswählen",
	"SIEC": "SIEC",
	"SELECSIEC": "SIEC auswählen",
	"tutBACK": "Zurück",
	"tutNEXT": "Weiter",
	"tutFINISH": "Schließen",

  "BTNATABLE": "Tabelle anzeigen",
  "BTNINFICHART": "Informationen anzeigen",
  "BTNDOWNLOADCHART": "Diagramm als Bild herunterladen",
  "BTNBSHARECHART": "In sozialen Medien teilen",
  "BTNBARCHART": "Balkendiagramm anzeigen",
  "BTNPIECHART": "Kreisdiagramm anzeigen",
  "BTNLINECHART": "Liniendiagramm anzeigen",
  "BTNTABLECHART": "Tabelle anzeigen",
  "BTNCLOSECHART": "Schließen",
  "BTNPRINTCHART": "Diagramm als Bild herunterladen",
  "BTNEXCELCHART": "Diagrammdaten herunterladen",
  "BTNPERCENTAGECHART": "Klicken, um zu Prozentsätzen zu wechseln",
  "BTNAGREGATESCHART": "Klicken, um Aggregate anzuzeigen/zu verbergen",
  "BTNCHANGECOUNTRY": "Klicken, um Länder zu ändern",
  "BTNEXPAND": "Klicken, um das Diagramm zu vergrößern",
  "BTNEDETAILS": "Klicken, um Details anzuzeigen/zu verbergen",
  "BTNRNW": "Zwischen erneuerbaren/nicht erneuerbaren umschalten",
  "RANGE": "Bereich",
  "LOW": "Niedrig",
  "HIGH": "Hoch",
   
"twitter": "X",
"linkedin": "LinkedIn",
"facebook": "Facebook",

  "SELECTLANGUAGE": "Sprache auswählen",
  "OFFICIAL": "Amtssprachen der EU:",

  "AGGREGATE": "Aggregat",
  "EUCTR": "EU-Länder",
  "EFTA": "EFTA-Länder",
  "ENLARGEMENT": "Erweiterungsländer",
  "OTHERCTR": "Andere Drittländer",
  "PERCENTAGE": "Prozentsatz"
 
 
}
