{
  "EU27_2020": "European Union",
  "EU28": "European Union - 28 countries (2013-2020)",
  "EA19": "Euro area",
  "BE": "Belgium",
  "BG": "Bulgaria",
  "CZ": "Czechia",
  "DK": "Denmark",
  "DE": "Germany",
  "DEmobile": "Germany",
  "EE": "Estonia",
  "IE": "Ireland",
  "EL": "Greece",
  "ES": "Spain",
  "FR": "France",
  "HR": "Croatia",
  "IT": "Italy",
  "CY": "Cyprus",
  "LV": "Latvia",
  "LT": "Lithuania",
  "LI": "Liechtenstein",
  "LU": "Luxembourg",
  "HU": "Hungary",
  "MT": "Malta",
  "NL": "Netherlands",
  "AT": "Austria",
  "PL": "Poland",
  "PT": "Portugal",
  "RO": "Romania",
  "SI": "Slovenia",
  "SK": "Slovakia",
  "FI": "Finland",
  "SE": "Sweden",
  "UK": "United Kingdom",
  "IS": "Iceland",
  "NO": "Norway",
  "CH": "Switzerland",
  "ME": "Montenegro",
  "MK": "North Macedonia",
  "AL": "Albania",
  "RS": "Serbia",
  "TR": "Türkiye",
  "AD": "Andorra",
  "BY": "Belarus",
  "BA": "Bosnia and Herzegovina",
  "GI": "Gibraltar (UK)",
  "XK": "Kosovo",
  "XKmobile": "Kosovo",
  "MD": "Moldova",
  "RU": "Russia",
  "UA": "Ukraine",
  "AO": "Angola",
  "CM": "Cameroon",
  "CG": "Congo",
  "CD": "Democratic Republic of the Congo",
  "GQ": "Equatorial Guinea",
  "GA": "Gabon",
  "ST": "São Tomé and Príncipe",
  "DJ": "Djibouti",
  "ER": "Eritrea",
  "ET": "Ethiopia",
  "KE": "Kenya",
  "MG": "Madagascar",
  "MU": "Mauritius",
  "MZ": "Mozambique",
  "UG": "Uganda",
  "TZ": "Tanzania",
  "DZ": "Algeria",
  "EG": "Egypt",
  "LY": "Libya",
  "MA": "Morocco",
  "SD": "Sudan",
  "TN": "Tunisia",
  "NA": "Namibia",
  "ZA": "South Africa",
  "BJ": "Benin",
  "CV": "Cabo Verde",
  "CI": "Côte d'Ivoire",
  "GH": "Ghana",
  "GW": "Guinea-Bissau",
  "LR": "Liberia",
  "MR": "Mauritania",
  "NG": "Nigeria",
  "SN": "Senegal",
  "SL": "Sierra Leone",
  "TG": "Togo",
  "CA": "Canada",
  "US": "United States",
  "AW": "Aruba (NL)",
  "BS": "Bahamas",
  "BB": "Barbados",
  "CU": "Cuba",
  "CW": "Curaçao",
  "DO": "Dominican Republic",
  "JM": "Jamaica",
  "TT": "Trinidad and Tobago",
  "CR": "Costa Rica",
  "GT": "Guatemala",
  "HN": "Honduras",
  "MX": "Mexico",
  "PA": "Panama",
  "AR": "Argentina",
  "BO": "Bolivia",
  "BR": "Brazil",
  "CL": "Chile",
  "CO": "Colombia",
  "EC": "Ecuador",
  "PE": "Peru",
  "UY": "Uruguay",
  "VE": "Venezuela",
  "KZ": "Kazakhstan",
  "KG": "Kyrgyzstan",
  "TM": "Turkmenistan",
  "UZ": "Uzbekistan",
  "CN": "China including Hong Kong",
  "HK": "Hong Kong",
  "JP": "Japan",
  "MN": "Mongolia",
  "KP": "North Korea",
  "KR": "South Korea",
  "TW": "Taiwan",
  "BD": "Bangladesh",
  "IN": "India",
  "IR": "Iran",
  "NP": "Nepal",
  "PK": "Pakistan",
  "LK": "Sri Lanka",
  "KH": "Cambodia",
  "ID": "Indonesia",
  "MY": "Malaysia",
  "MM": "Myanmar/Burma",
  "PH": "Philippines",
  "SG": "Singapore",
  "TH": "Thailand",
  "TL": "Timor-Leste",
  "VN": "Vietnam",
  "AM": "Armenia",
  "AZ": "Azerbaijan",
  "BH": "Bahrain",
  "GE": "Georgia",
  "IQ": "Iraq",
  "IL": "Israel",
  "JO": "Jordan",
  "KW": "Kuwait",
  "LB": "Lebanon",
  "OM": "Oman",
  "QA": "Qatar",
  "SA": "Saudi Arabia",
  "SY": "Syria",
  "AE": "United Arab Emirates",
  "YE": "Yemen",
  "AU": "Australia",
  "NZ": "New Zealand",
  "NC": "New Caledonia (FR)",
  "PG": "Papua New Guinea",
  "MH": "Marshall Islands",
  "BN": "Brunei Darussalam",  

  "FLAG_NA": "Not available",
  "FLAG_C": "Confidential",
  "FLAG_P": "provisional",
  "FLAG_E": "estimated",
  "FLAG_N": "not significant",
  "FLAG_B": "break in time series",
  "FLAG_S": "Eurostat estimate",
  "FLAG_F": "forecast",
  "FLAG_U": "low reliability",
  "FLAG_D": "definition differs, see metadata",
  "FLAG_I": "see metadata",
  "FLAG_R": "revised",
  "FLAG_Z": "not applicable",

  "eurostat": "Source Eurostat",
  "total": "All fuels",


  "C0100": "Hard coal",
  "C0200": "Brown coal",
  "C0311": "Coke oven coke",
  "P1100": "Peat",
  "S2000": "Oil shale and oil sands",
  "O4640": "Naphtha",
  "O4652": "Motor gasoline",
  "O4661": "Kerosene-type jet fuel",
  "O4671": "Gas oil and diesel oil",
  "O4630": "Liquefied petroleum gases",
  "O4680": "Fuel oil",
  "G3000": "Natural gas",
  "E7000": "Electricity",
  "C0000": "Coal and manufactured gases",
  "O4000XBIO": "Oil and petroleum products (excluding biofuel portion)",
  "N9000": "Nuclear fuels and other fuels n.e.c.",
  "RA100": "Hydro",
  "RA200": "Geothermal",
  "RA300": "Wind",
  "RA400": "Solar",
  "RA500_5160": "Other renewable energies",
  "O4000": "Oil and petroleum products",
  "O4100_TOT_4200-4500": "Crude oil, NGL, refinery feedstocks, additives and oxygenates and other hydrocarbons",
  "O4600": "Oil products",
  "rw": "Renewables",
  "Nrw": "Non-renewables",
  "nrw": "Non-renewables",
  "TOTAL": "Total",
  "X9900": "Other fuels n.e.c.",
  "CF": "Combustible fuels",

  "rwTitle": "Renewable and non-renewable",
  
 
  "pie": "Show pie chart",
  "barchart": "Show bar chart",
  "dataset": "Dataset",
  "metadata": "Metadata",
  "details": "Show details",
  "info": "Show info",
  "totals": "Show details",
  "htotals": "Hide details",
  "close": "Close",
  "share": "Embed",
  "msg": "Text copied to clipboard",
  "copy": "Copy",

  "VOL_THS_BBL": "Volume - thousand barrels", 
  "AVGPRC_USD_BBL": "Average price - USD per barrel", 
  "AVGPRC_USD_T": "Average price - USD per tonne", 
  "WT_THS_T": "Weight - thousand tonnes",

  "1stepVOL_THS_BBL": "Volume ", 
  "1stepAVGPRC_USD_BBL": "Average price ", 
  "1stepAVGPRC_USD_T": "Average price ", 
  "1stepWT_THS_T": "Weight ",

  "2stepVOL_THS_BBL": " thousand barrels", 
  "2stepAVGPRC_USD_BBL": " USD per barrel", 
  "2stepAVGPRC_USD_T": " USD per tonne", 
  "2stepWT_THS_T": " thousand tonnes",

  "IPRD": "Indigenous production",
  "IMP": "Imports",
  "EXP": "Exports",
  "PRD": "Production",
  "NETIMP": "Net imports",
  "GID_CAL": "Gross inland deliveries - calculated",
  "Net_imp": "Net imports",
  "TO_RPI_RO": "Refinery output",
  "STK_CHG_MG": "Stock changes - as defined in MOS GAS",
  "IC_CAL_MG": "Inland consumption - calculated as defined in MOS GAS",
  "DL": "Distribution losses",
  "AIM": "Available to internal market",
  "noNrg": "No NRG inside dataset",
  "NEG": "Net electricity generation",
  "RVN": "Renewable vs non-renewable",
  "values": "Values",


  "MIO_M3": "Million cubic metres (MIO_M3)",
  "TJ_GCV": "Terajoule (gross calorific value - GCV) (TJ_GCV)",
  "THS_T": "Thousand tonnes (THS_T)",
  "GWH": "Gigawatt-hour (GWH)",

  "high": "Highest value of this month",
  "low": "Lowest value of this month",


  "mobileWarning": "This tool is not designed for small screens. Thank you for your understanding",


  "nrg_cb_sffm": "Supply and transformation of solid fossil fuels",
  "nrg_cb_oilm": "Supply and transformation of oil and petroleum products",
  "nrg_cb_cosm": "Crude oil supply",
  "nrg_cb_gasm": "Supply, transformation and consumption of gas",
  "nrg_cb_em": "Supply, transformation and consumption of electricity",
  "nrg_cb_pem": "Net electricity generation by type of fuel",
  "nrg_cb_pem_RW": "Net electricity generation Renewable vs non-renewable electricity",
  "nrg_cb_cosm_Fuel": "Crude oil",

  "menu-chart-title": "Select chart",
  "BOX_COUNTRY_TITLE": "Select country",
  "menu-country-title": "Select country",
  "MENU_MORE": "Tutorial",
  "BOX_CHART_TITLE": "Select chart",
  "BOX_SIEC_TITLE": "Select fuel",
  "BOX_NRG_TITLE": "Select flow",
  "BOX_MORE_TITLE": "Tutorial",
  "BOX_UNIT_TITLE": "Select unit",

  "autocompare": "Average",
  
  "TUTORIAL": "Tutorial",
  "sankey": "Energy balance flow",
  "ENPRICES": "Energy prices tool",
  "ENTRADE": "Energy trade tool",
  "ENDASH": "Energy enmonthly tool",
  "CONTACT": "Contact us",
  "ACCESS": "Accessibility",


  "inftitle": "Energy data",

  "TABTITLE1": "Energy data",
  "TAB1": "Energy statistics are in the spotlight due to their strategic importance to the drive towards competitive and sustainable economic growth. In recent years, the European Union has faced a number of important energy issues related to e.g. climate change, energy security and affordability. These have pushed the topic of energy towards the top of national and European political agendas, with energy statistics providing key information for policy makers. In order to meet policy makers' growing needs for data on energy, Eurostat has developed a coherent and harmonised system of energy statistics. Annual, half-yearly and monthly data collections cover the Member States of the EU, European Economic Area countries, candidate countries, potential candidates and Energy Community Contracting Partners.",

  "TABTITLE2": "Annual energy data",
  "TAB2": "These are annual data on crude oil, oil products, natural gas, electricity, derived heat, solid fossil fuels, renewables and wastes covering the full spectrum of the energy balance positions from supply through transformation to final energy consumption by sector and fuel type.  Eurostat has developed an <a href=\"//ec.europa.eu/eurostat/cache/sankey/energy/sankey.html\" target=\"_blank\"><u>interactive tool</u></a>  to visualise annual energy data by means of flow diagrams (also called Sankey diagrams). The tool allows you to build and customise your own diagram by playing with different options (country, year, fuel, level of detail, etc.).",

  "TABTITLE3": "Monthly energy data",
  "TAB3": "Eurostat collects and publishes monthly energy data on supply and to a limited extent consumption of various fuels; this data currently covers the coals / solid fossil fuels, natural gas, oil and petroleum products and electricity. Eurostat has developed an interactive tool to visualise monthly energy data.",

  "TABTITLE4": "Energy prices",
  "TAB4": "These are half-yearly and yearly data on electricity and natural gas prices provided for both final non-households as well as for households customers and for different consumption bands. Half-yearly prices are provided without taxes, with VAT and with all taxes included. Yearly data consist of more disaggregated prices on the energy cost, the network cost and the taxes. In addition, it also includes national average prices for each of these disaggregated sub-components. Eurostat has developed an <a href=\"//ec.europa.eu/eurostat/cache/infographs/energy_prices/enprices.html\" target=\"_blank\"><u>interactive tool</u></a> to visualise energy prices data.",

  "TABTITLE5": "Energy indicators",
  "TAB5": "Eurostat produces some selected energy indicators covering the major European policy areas (for example: the share of energy from renewable sources). Eurostat has developed an interactive tool to visualise energy indicators.",

	"TABTITLE6": "Energy trade data",
  "TAB6": "These are annual data on imports and exports of natural gas, crude oil and oil products, electricity, solid fossil fuels, wood pellets, liquid biofuels… Eurostat has developed an <a href=\"//ec.europa.eu/eurostat/cache/infographs/energy_trade/entrade.html\" target=\"_blank\"><u>interactive tool</u></a> to help you discover who are the main trading partners of your country and visualise the trade flows in different ways.",   


"Jan" :"Jan",
"Feb" :"Feb",
"Mar" :"Mar",
"Apr" :"Apr",
"May" :"May",
"Jun" :"Jun",
"Jul" :"Jul",
"Aug" :"Aug",
"Sep" :"Sept",
"Oct" :"Oct",
"Nov" :"Nov",
"Dec" :"Dec",

"LINKS": "Links",
"COOKIES": "Cookies",
"PRIVACY": "Privacy policy",
"LEGAL": "Legal notice",

"COOKIETEXT": "This site uses cookies to offer you a better browsing experience. Find out more on <a href=\"http://ec.europa.eu/cookies/index_en.htm\"  target=\"_blank\">how we use cookies.<\/a>",
"COOKIECOMPLETEclose": "Close",
"COOKIECOMPLETEacceptAll": "Accept all cookies",
"COOKIECOMPLETEonlyTechnical": "Accept only essential cookies",
"COOKIECOMPLETE": "Your cookie preferences have been saved. To change your preferences at any time, see our\u00a0<a href=\"//ec.europa.eu/info/cookies_en\" target=\"_blank\">cookies policy<\/a> or visit the link in the page footer.",

"header-title-label": "Energy monthly",
"MAINMENU": "Menu",
"COUNTRY": "Country",
"FUEL": "Fuel",
"CONSUMER": "Consumer",
"REFERENCE": "Reference period",
"CONSUME": "Consumption level",
"UNIT": "Unit",
"all": "Select all countries",
"KWH_GE15000" : "band DE: Consumption for 15 000 kWh or over",
"FEED": "Feedback",
"TOOLS": "Tools",
"DB": "Access to dataset",
"%": "in percentages",
"TOGGLEAGREGATES": "Toggle aggregates",
"MENU_COUNTRY": "Select countries",
"MENU_FUEL": "Select fuel",
"MENU_CONSUMER": "Select consumer",
"MENU_BAND": "Select consumption level",
"MENU_UNIT": "Select unit",
"MENU_COUNTRY_SORTING": "Select countries order",
"MENU_SAVE_DIAGRAM": "Save this diagram",
"MENU_YEARS": "Select year",
"NODATA": "No data available",
"CREDITS": "Source: Eurostat",
"downloadPNG": "Download as PNG image",
"downloadJPEG": "Download as JPEG image",
"downloadPDF": "Download as PDF document",
"downloadSVG": "Download as vector Document",
"downloadCSV": "Download CSV",
"downloadXLS": "Download Excel file",
"INDICATOR": "Indicator",
"SELECTINDICATOR": "Select indicator",
"FLOW": "Flow",
"SELECTFLOW": "Select flow",
"SIEC": "Siec",
"SELECSIEC": "Select siec",


"BTNATABLE": "Display table",
"BTNINFICHART": "Show information",
"BTNDOWNLOADCHART": "Download chart as image",
"BTNBSHARECHART": "Share in social media",

"BTNBARCHART": "Display bar chart",
"BTNPIECHART": "Display pie chart",
"BTNLINECHART": "Display line chart",
"BTNTABLECHART": "Display table",
"BTNCLOSECHART": "Close",
"BTNPRINTCHART": "Download chart as image",
"BTNEXCELCHART": "Download chart data",

"BTNPERCENTAGECHART": "Click to change to percentage",
"BTNAGREGATESCHART": "Click to show/hide aggregates",
"BTNCHANGECOUNTRY": "Click to change countries",
"BTNEXPAND": "Click to expand chart",
"BTNEDETAILS": "Click to show/side details",
"BTNRNW": "show renewables/non-renewables",
"RANGE": "Range",
"LOW": "Low",
"HIGH": "High",


"tutBACK": "Back",
"tutNEXT": "Next",
"tutFINISH": "Close",

"twitter": "X",
"linkedin": "LinkedIn",
"facebook": "Facebook",

"SELECTLANGUAGE": "Select language",
"OFFICIAL": "Official EU languages:",
"AGGREGATE": "Aggregate",
"EUCTR": "EU countries",
"EFTA": "EFTA countries",
"ENLARGEMENT": "Enlargement countries",
"OTHERCTR": "Other third countries"
  
}
