{
  "EU27_2020": "Union européenne",
  "UE28": "Union européenne (28 pays)",
  "EA19": "Zone euro",
  "BE": "Belgique",
  "BG": "Bulgarie",
  "CZ": "Tchéquie",
  "DK": "Danemark",
  "DE": "Allemagne",
  "DEmobile": "Allemagne",
  "EE": "Estonie",
  "IE": "Irlande",
  "EL": "Grèce",
  "ES": "Espagne",
  "FR": "France",
  "HR": "Croatie",
  "IT": "Italie",
  "CY": "Chypre",
  "LV": "Lettonie",
  "LT": "Lituanie",
  "LI": "Liechtenstein",
  "LU": "Luxembourg",
  "HU": "Hongrie",
  "MT": "Malte",
  "NL": "Pays-Bas",
  "AT": "Autriche",
  "PL": "Pologne",
  "PT": "Portugal",
  "RO": "Roumanie",
  "SI": "Slovénie",
  "SK": "Slovaquie",
  "FI": "Finlande",
  "SE": "Suède",
  "UK": "Royaume-Uni",
  "IS": "Islande",
  "NO": "Norvège",
  "CH": "Suisse",
  "ME": "Monténégro",
  "MK": "Macédoine du Nord",
  "AL": "Albanie",
  "RS": "Serbie",
  "TR": "Turquie",
  "AD": "Andorre",
  "PAR": "Biélorussie",
  "BA": "Bosnie-Herzégovine",
  "GI": "Gibraltar (Royaume-Uni)",
  "XK": "Kosovo",
  "XKmobile": "Kosovo",
  "MD": "Moldavie",
  "RU": "Russie",
  "UA": "Ukraine",
  "AO": "Angola",
  "CM": "Cameroun",
  "CG": "Congo",
  "CD": "République démocratique du Congo",
  "GQ": "Guinée équatoriale",
  "GA": "Gabon",
  "ST": "São Tomé e Príncipe",
  "DJ": "Djibouti",
  "ER": "Erythrée",
  "ET": "Éthiopie",
  "KE": "Kenya",
  "MG": "Madagascar",
  "MU": "Mauritius",
  "MZ": "Mozambique",
  "UG": "Ouganda",
  "TZ": "Tanzanie",
  "DZ": "Algérie",
  "EG": "Égypte",
  "LY": "Libye",
  "MA": "Maroc",
  "SD": "Soudan",
  "TN": "Tunisie",
  "NA": "Namibie",
  "ZA": "Afrique du Sud",
  "BJ": "Bénin",
  "CV": "Cabo Verde",
  "CI": "Côte d'Ivoire",
  "GH": "Ghana",
  "GW": "Guinée-Bissau",
  "LR": "Liberia",
  "MR": "Mauritanie",
  "NG": "Nigeria",
  "SN": "Sénégal",
  "SL": "Sierra Leone",
  "TG": "Togo",
  "CA": "Canada",
  "US": "États-Unis",
  "AW": "Aruba (NL)",
  "BS": "Bahamas",
  "BB": "Barbade",
  "CU": "Cuba",
  "CW": "Curaçao",
  "DO": "République dominicaine",
  "JM": "Jamaïque",
  "TT": "Trinité-et-Tobago",
  "CR": "Costa Rica",
  "GT": "Guatemala",
  "HN": "Honduras",
  "MX": "Mexique",
  "PA": "Panama",
  "AR": "Argentine",
  "BO": "Bolivie",
  "BR": "Brésil",
  "CL": "Chili",
  "CO": "Colombie",
  "EC": "Équateur",
  "PE": "Pérou",
  "UY": "Uruguay",
  "VE": "Venezuela",
  "KZ": "Kazakhstan",
  "KG": "Kirghizistan",
  "TM": "Turkménistan",
  "UZ": "Ouzbékistan",
  "CN": "Chine, y compris Hong Kong",
  "HK": "Hong Kong",
  "JP": "Japon",
  "MN": "Mongolie",
  "KP": "Corée du Nord",
  "KR": "Corée du Sud",
  "TW": "Taiwan",
  "BD": "Bangladesh",
  "IN": "Inde",
  "IR": "Iran",
  "NP": "Népal",
  "PK": "Pakistan",
  "LK": "Sri Lanka",
  "KH": "Cambodge",
  "ID": "Indonésie",
  "MY": "Malaisie",
  "MM": "Myanmar/Birmanie",
  "PH": "Philippines",
  "SG": "Singapour",
  "TH": "Thaïlande",
  "TL": "Timor-Leste",
  "VN": "Vietnam",
  "AM": "Arménie",
  "AZ": "Azerbaïdjan",
  "BH": "Bahreïn",
  "GE": "Géorgie",
  "QI": "Irak",
  "IL": "Israël",
  "JO": "Jordanie",
  "KW": "Koweït",
  "LB": "Liban",
  "OM": "Oman",
  "QA": "Qatar",
  "SA": "Arabie Saoudite",
  "SY": "Syrie",
  "AE": "Émirats arabes unis",
  "YE": "Yémen",
  "AU": "Australie",
  "NZ": "Nouvelle-Zélande",
  "NC": "Nouvelle-Calédonie (FR)",
  "PG": "Papouasie-Nouvelle-Guinée",
  "MH": "Îles Marshall",
  "BN": "Brunei Darussalam",

  "FLAG_NA": "Nicht verfügbar",
  "FLAG_C": "Vertraulich",
  "FLAG_P": "vorläufig",
  "FLAG_E": "geschätzt",
  "FLAG_N": "nicht signifikant",
  "FLAG_B": "Pause in Zeitreihen",
  "FLAG_S": "Eurostat-Schätzung",
  "FLAG_F": "Prognose",
  "FLAG_U": "geringe Zuverlässigkeit",
  "FLAG_D": "Definition unterscheidet sich, siehe Metadaten",
  "FLAG_I": "Metadaten anzeigen",
  "FLAG_R": "überarbeitet",
  "FLAG_Z": "nicht zutreffend",

  "C0100": "Houille",
  "C0200": "Charbon noir",
  "C0311": "Coke de four à coke",
  "P1100": "Tourbe",
  "S2000": "Schiste bitumineux et sables bitumineux",
  "O4640": "Naphtha",
  "O4652": "Essence à moteur",
  "O4661": "Carburéacteur de type kérosène",
  "O4671": "Gaz, pétrole et gazole",
  "O4630": "Gaz de pétrole liquéfiés",
  "O4680": "Mazout",
  "G3000": "Gaz naturel",
  "E7000": "Électricité",
  "C0000": "Charbon et gaz manufacturés",
  "O4000XBIO": "Pétrole et produits pétroliers (à l'exclusion de la portion biocarburant)",
  "N9000": "Combustibles nucléaires et autres combustibles n.c.a.",
  "RA100": "Hydro",
  "RA200": "Géothermie",
  "RA300": "Vent",
  "RA400": "Solaire",
  "RA500_5160": "Autres énergies renouvelables",
  "O4000": "Pétrole et produits pétroliers",
  "O4100_TOT_4200-4500": "Pétrole brut, LGN, matières premières de raffinerie, additifs et oxygénés et autres hydrocarbures",
  "O4600": "Produits pétroliers",
  "rw": "Renouvelables",
  "Nrw": "Non renouvelables",
  "nrw": "Non renouvelables",
  "TOTAL": "Total",
  "X9900": "Autres combustibles n.e.c.",
  "CF": "Combustibles combustibles",
  "values": "Valeurs",

  "rwTitle": "Renouvelable et non renouvelable",


  "pie": "Afficher le camembert",
  "barchart": "Afficher le graphique à barres",
  "dataset": "Dataset",
  "metadata": "Métadonnées",
  "details": "Afficher les détails",
  "info": "Afficher les informations",
  "totals": "Afficher les détails",
  "htotals": "Masquer les détails",
  "close": "Fermer",
  "share": "Incorporer",
  "msg": "Texte copié dans le presse-papiers",

  "high": "Valeur la plus élevée de ce mois",
  "low": "Valeur la plus basse de ce mois",

  "mobileWarning": "Cet outil n'est pas conçu pour les petits écrans. Merci de votre compréhension",

  "VOL_THS_BBL": "Volume - mille barils",
  "AVGPRC_USD_BBL": "Prix moyen - USD par baril",
  "AVGPRC_USD_T": "Prix moyen - USD par tonne",
  "WT_THS_T": "Poids - mille tonnes",

  "1stepVOL_THS_BBL": "Volume ", 
  "1stepAVGPRC_USD_BBL": "Prix moyen ", 
  "1stepAVGPRC_USD_T": "Prix moyen ", 
  "1stepWT_THS_T": "Poids ",

  "2stepVOL_THS_BBL": " Mille barils", 
  "2stepAVGPRC_USD_BBL": " USD par baril",
  "2stepAVGPRC_USD_T": " USD par tonne", 
  "2stepWT_THS_T": " Mille tonnes",
  "copy": "Copie",

  "IPRD": "Production indigène",
  "IMP": "Importations",
  "EXP": "Exportations",
  "PRD": "Production",
  "NETIMP": "Importations nettes",
  "GID_CAL": "Livraisons intérieures brutes - calculées",
  "Net_imp": "Importations nettes",
  "TO_RPI_RO": "Sortie raffinerie",
  "STK_CHG_MG": "Variations de stock - telles que définies dans MOS GAS",
  "IC_CAL_MG": "Consommation intérieure - calculée comme définie dans MOS GAS",
  "DL": "Pertes de distribution",
  "AIM": "Disponible sur le marché intérieur",
  "noNrg": "Pas de NRG dans le jeu de données",
  "NEG": "Production nette d'électricité",
  "RVN": "Renouvelable vs non renouvelable",

"MIO_M3": "Million de mètres cubes (MIO_M3)",
"TJ_GCV": "Térajoule (valeur calorifique brute - GCV) (TJ_GCV)",
"THS_T": "Mille tonnes (THS_T)",
"GWH": "Gigawatt-heure (GWH)",

  "nrg_cb_sffm": "Fourniture et transformation de combustibles fossiles solides",
  "nrg_cb_oilm": "Approvisionnement et transformation de pétrole et de produits pétroliers",
  "nrg_cb_cosm": "Approvisionnement en pétrole brut",
  "nrg_cb_gasm": "Approvisionnement, transformation et consommation de gaz",
  "nrg_cb_em": "Fourniture, transformation et consommation d'électricité",
  "nrg_cb_pem": "Production nette d'électricité par type de combustible",
  "nrg_cb_pem_RW": "Production nette d'électricité renouvelable vs électricité non renouvelable",

  "nrg_cb_cosm_Fuel": "Pétrole brut",

  "menu-chart-title": "Sélectionner un graphique",
  "BOX_COUNTRY_TITLE": "Sélectionnez le pays",
  "menu-country-title": "Sélectionnez le pays",
  "MENU_MORE": "Tutoriel",
  "BOX_CHART_TITLE": "Sélectionner un graphique",
  "BOX_SIEC_TITLE": "Sélectionnez le carburant",
  "BOX_NRG_TITLE": "Sélectionnez le flux",
  "BOX_MORE_TITLE": "Tutoriel",
  "BOX_UNIT_TITLE": "Sélectionnez l'unité",
  "sharemodaltitle": "Intégrer le graphique",
  "autocompare": "Moyenne",
  
  "TUTORIAL": "Tutoriel",
  "sankey": "Flux de bilan énergétique",
  "ENPRICES": "Outil des prix de l'énergie",
  "ENTRADE": "Outil du commerce de l'énergie",
  "ENDASH": "Outil de tableau de bord énergétique",
  "CONTACT": "Contactez-nous",
  "ACCESS": "Accessibilité",

  "eurostat": "Source Eurostat",
  "total": "Tous les carburants",
  "inftitle": "Données énergétiques",

  "TABTITLE0": "Définitions",

  "TABTITLE1": "Données énergétiques",
  "TAB1": "Les statistiques de l'énergie sont au cœur de l'actualité en raison de leur importance stratégique pour une croissance économique compétitive et durable. Ces dernières années, l'Union européenne a été confrontée à de nombreux enjeux énergétiques importants, qui ont fait de l'énergie une priorité dans les agendas politiques et national. Les statistiques de l'énergie ont alors permis de fournir des informations essentielles aux responsables politiques. Afin de répondre aux besoins croissants des responsables politiques de disposer de données sur de l'énergie, Eurostat a élaboré un système cohérent et harmonisé de statistiques de l'énergie. Les collectes de données annuelles, semestrielles et mensuelles couvrent les États membres de l'UE, les pays de l'Espace économique européen, les pays candidats et les candidats potentiels à l'adhésion ainsi que les parties contractantes de la Communauté de l'énergie.",

  "TABTITLE2": "Données énergétiques anuelles",
  "TAB2": "Ce sont des données annuelles sur le pétrole brut, les produits pétroliers, le gaz naturel, l'électricité, la chaleur dérivée, les combustibles fossiles solides, les énergies renouvelables et les déchets, couvrant la totalité des postes des bilans énergétiques, de l'approvisionnement à la consommation finale d'énergie en passant par la transformation par secteur et par type de combustible. Eurostat a mis au point un <a href=\"//ec.europa.eu/eurostat/cache/sankey/energy/sankey.html\" target=\"_blank\"><u>outil interactif</u></a> pour visualiser les données annuelles de l'énergie au moyen de diagrammes de flux (également appelés diagrammes Sankey). L'outil vous permet de créer et de personnaliser votre propre diagramme en jouant avec différentes options (pays, année, carburant, niveau de détail, etc.).",

  "TABTITLE3": "Données énergétiques mensuelles",
  "TAB3": "Eurostat collecte et publie des données mensuelles concernant l'approvisionnement et dans une certaine mesure la demande de différents produits énergétiques; ces données couvrent actuellement le charbon / combustibles fossiles solides, le gaz naturel, le pétrole et les produits pétroliers et l'électricité. Eurostat a mis au point un outil interactif pour visualiser les données mensuelles.",

  "TABTITLE4": "Prix de l’énergie",
  "TAB4": "Ce sont des données semestrielles et annuelle sur les prix de l'électricité et du gaz naturel facturés aussi bien aux clients non-résidentiels qu'aux clients résidentiels et pour différentes catégories de consommation. Les prix semestriels sont annoncés hors taxes, TVA comprise et toutes taxes comprises. Les prix annuels sont des composants plus détaillés du prix de l’énergie, du réseau et des taxes. Ils comprennent aussi un prix moyen national par sous-composant. Eurostat a mis au point un <a href=\"//ec.europa.eu/eurostat/cache/infographs/energy_prices/enprices.html\" target=\"_blank\"><u>outil interactif</u></a> pour visualiser les données sur les prix de l’électricité et du gaz naturel.",

  "TABTITLE5": "Indicateurs énergétiques",
  "TAB5": "Eurostat produit un sélection d'indicateurs énergétiques couvrant les principaux domaines de la politique européenne (par exemple, la part d'énergie produite à partir de sources d'énergie renouvelables). Eurostat a mis au point un outil interactif pour visualiser les plus importants indicateurs énergétiques.",

  "TABTITLE6": "Données sur le commerce de l'énergie",
  "TAB6": "Il s'agit de données annuelles sur les importations et exportations de gaz naturel, de pétrole brut et de produits pétroliers, d'électricité, de combustibles fossiles solides, de granulés de bois, de biocarburants liquides… Eurostat a développé un <a href = \" //ec.europa.eu/eurostat/cache/infographs/energy_trade/entrade.html\" target=\"_ blank\"> <u> outil interactif </u> </a> pour vous aider à découvrir qui sont les principaux partenaires commerciaux de votre pays et visualisez les flux commerciaux de différentes manières.",

  "Jan" :"Janv",
  "Feb" :"Févr",
  "Mar" :"Mars",
  "Apr" :"Avril",
  "May" :"Mai",
  "Jun" :"Juin",
  "Jul" :"Juil",
  "Aug" :"Août",
  "Sep" :"Sept",
  "Oct" :"Oct",
  "Nov" :"Nov",
  "Dec" :"Déc",

  "LINKS": "Liens",
  "COOKIES": "Cookies",
"PRIVACY": "Protection de la vie privée",
"LEGAL": "Avis juridique",


  "COOKIETEXT": "Ce site utilise des cookies pour am\u00e9liorer la navigation. En savoir plus sur <a href=\"//ec.europa.eu/cookies/index_fr.htm\" target=\"_blank\">la mani\u00e8re dont nous utilisons les cookies</a>", 
  "COOKIECOMPLETEclose": "Fermer",
  "COOKIECOMPLETEacceptAll": "Accepter tous les cookies",
  "COOKIECOMPLETEonlyTechnical": "N\u2019accepter que les cookies essentiels",
  "COOKIECOMPLETE": "Vos pr\u00e9f\u00e9rences en mati\u00e8re de cookies ont \u00e9t\u00e9 sauvegard\u00e9es. Pour modifier vos pr\u00e9f\u00e9rences \u00e0 tout moment, consultez notre <a href=\"//ec.europa.eu/info/cookies_fr\" target=\"_blank\">politique sur les cookies</a> ou cliquez sur le lien dans le pied de page.",

  "header-title-label": "Énergie mensuelle",
	"MAINMENU": "Menu",
	"COUNTRY": "Pays",
	"FUEL": "Carburant",
	"CONSUMER": "Consommateur",
	"REFERENCE": "Période de référence",
	"CONSUME": "Niveau de consommation",
	"UNIT": "Unité",
	"all": "Sélectionner tous les pays",
	"KWH_GE15000": "Bande DE : Consommation de 15 000 kWh ou plus",
	"FEED": "Commentaires",
	"TOOLS": "Outils",
	"DB": "Accéder au jeu de données",
	"%": "en pourcentage",
	"TOGGLEAGREGATES": "Basculer les agrégats",
	"MENU_COUNTRY": "Sélectionner des pays",
	"MENU_FUEL": "Sélectionner un carburant",
	"MENU_CONSUMER": "Sélectionner un consommateur",
	"MENU_BAND": "Sélectionner un niveau de consommation",
	"MENU_UNIT": "Sélectionner une unité",
	"MENU_COUNTRY_SORTING": "Sélectionner l'ordre des pays",
	"MENU_SAVE_DIAGRAM": "Enregistrer ce diagramme",
	"MENU_YEARS": "Sélectionner une année",
	"NODATA": "Pas de données disponibles",
	"CREDITS": "Source : Eurostat",
	"downloadPNG": "Télécharger en tant qu'image PNG",
	"downloadJPEG": "Télécharger en tant qu'image JPEG",
	"downloadPDF": "Télécharger en tant que document PDF",
	"downloadSVG": "Télécharger en tant que document vectoriel",
	"downloadCSV": "Télécharger le CSV",
	"downloadXLS": "Télécharger le fichier Excel",
	"INDICATOR": "Indicateur",
	"SELECTINDICATOR": "Sélectionner un indicateur",
	"FLOW": "Flux",
	"SELECTFLOW": "Sélectionner un flux",
	"SIEC": "SIEC",
	"SELECSIEC": "Sélectionner un SIEC",
	"tutBACK": "Retour",
	"tutNEXT": "Suivant",
	"tutFINISH": "Fermer",
 
  "BTNATABLE": "Afficher le tableau",
  "BTNINFICHART": "Afficher les informations",
  "BTNDOWNLOADCHART": "Télécharger le graphique en image",
  "BTNBSHARECHART": "Partager sur les réseaux sociaux",
  "BTNBARCHART": "Afficher un graphique en barres",
  "BTNPIECHART": "Afficher un graphique en secteurs",
  "BTNLINECHART": "Afficher un graphique en courbes",
  "BTNTABLECHART": "Afficher le tableau",
  "BTNCLOSECHART": "Fermer",
  "BTNPRINTCHART": "Télécharger le graphique en image",
  "BTNEXCELCHART": "Télécharger les données du graphique",
  "BTNPERCENTAGECHART": "Cliquez pour passer en pourcentage",
  "BTNAGREGATESCHART": "Cliquez pour afficher/masquer les agrégats",
  "BTNCHANGECOUNTRY": "Cliquez pour changer les pays",
  "BTNEXPAND": "Cliquez pour agrandir le graphique",
  "BTNEDETAILS": "Cliquez pour afficher/masquer les détails",
  "BTNRNW": "Basculer entre renouvelables/non renouvelables",
  "RANGE": "Plage",
  "LOW": "Bas",
  "HIGH": "Élevé",
   
"twitter": "X",
"linkedin": "LinkedIn",
"facebook": "Facebook",

  "SELECTLANGUAGE": "Sélectionner la langue",
  "OFFICIAL": "Langues officielles de l'UE :",
  "AGGREGATE": "Agrégat",
  "EUCTR": "Pays de l'UE",
  "EFTA": "Pays de l'AELE",
  "ENLARGEMENT": "Pays en élargissement",
  "OTHERCTR": "Autres pays tiers"
 



}
