{
  "EU28": {
    "EN": "European Union (28 countries)",
    "DE": "Europäische Union (28 Länder)",
    "FR": "Union européenne (28 pays)"
  },
  "EU27_2020": {
    "EN": "European Union (27 countries)",
    "DE": "Europäische Union (27 Länder)",
    "FR": "Union européenne (27 pays)"
  },
  "EA": {
    "EN": "Euro area (19 countries)",
    "DE": "Euroraum (19 Länder)",
    "FR": "Zone euro (19 pays)"
  },
  "BE": {
    "EN": "Belgium",
    "DE": "Belgien",
    "FR": "Belgique"
  },
  "BG": {
    "EN": "Bulgaria",
    "DE": "Bulgarien",
    "FR": "Bulgarie"
  },
  "CZ": {
    "EN": "Czechia",
    "DE": "Tschechien",
    "FR": "Tchéquie"
  },
  "DK": {
    "EN": "Denmark",
    "DE": "Dänemark",
    "FR": "Danemark"
  },
  "DE": {
    "EN": "Germany",
    "DE": "Deutschland",
    "FR": "Allemagne"
  },
  "EE": {
    "EN": "Estonia",
    "DE": "Estland",
    "FR": "Estonie"
  },
  "IE": {
    "EN": "Ireland",
    "DE": "Irland",
    "FR": "Irlande"
  },
  "EL": {
    "EN": "Greece",
    "DE": "Griechenland",
    "FR": "Grèce"
  },
  "ES": {
    "EN": "Spain",
    "DE": "Spanien",
    "FR": "Espagne"
  },
  "FR": {
    "EN": "France",
    "DE": "Frankreich",
    "FR": "France"
  },
  "HR": {
    "EN": "Croatia",
    "DE": "Kroatien",
    "FR": "Croatie"
  },
  "IT": {
    "EN": "Italy",
    "DE": "Italien",
    "FR": "Italie"
  },
  "CY": {
    "EN": "Cyprus",
    "DE": "Zypern",
    "FR": "Chypre"
  },
  "LV": {
    "EN": "Latvia",
    "DE": "Lettland",
    "FR": "Lettonie"
  },
  "LT": {
    "EN": "Lithuania",
    "DE": "Litauen",
    "FR": "Lituanie"
  },
  "LU": {
    "EN": "Luxembourg",
    "DE": "Luxemburg",
    "FR": "Luxembourg"
  },
  "HU": {
    "EN": "Hungary",
    "DE": "Ungarn",
    "FR": "Hongrie"
  },
  "MT": {
    "EN": "Malta",
    "DE": "Malta",
    "FR": "Malte"
  },
  "NL": {
    "EN": "Netherlands",
    "DE": "Niederlande",
    "FR": "Pays-Bas"
  },
  "AT": {
    "EN": "Austria",
    "DE": "Österreich",
    "FR": "Autriche"
  },
  "PL": {
    "EN": "Poland",
    "DE": "Polen",
    "FR": "Pologne"
  },
  "PT": {
    "EN": "Portugal",
    "DE": "Portugal",
    "FR": "Portugal"
  },
  "RO": {
    "EN": "Romania",
    "DE": "Rumänien",
    "FR": "Roumanie"
  },
  "SI": {
    "EN": "Slovenia",
    "DE": "Slowenien",
    "FR": "Slovénie"
  },
  "SK": {
    "EN": "Slovakia",
    "DE": "Slowakei",
    "FR": "Slovaquie"
  },
  "FI": {
    "EN": "Finland",
    "DE": "Finnland",
    "FR": "Finlande"
  },
  "SE": {
    "EN": "Sweden",
    "DE": "Schweden",
    "FR": "Suède"
  },
  "UK": {
    "EN": "United Kingdom",
    "DE": "Vereinigtes Königreich",
    "FR": "Royaume-Uni"
  },
  "IS": {
    "EN": "Iceland",
    "DE": "Island",
    "FR": "Islande"
  },
  "LI": {
    "EN": "Liechtenstein",
    "DE": "Liechtenstein",
    "FR": "Liechtenstein"
  },
  "NO": {
    "EN": "Norway",
    "DE": "Norwegen",
    "FR": "Norvège"
  },
  "ME": {
    "EN": "Montenegro",
    "DE": "Montenegro",
    "FR": "Monténégro"
  },
  "MK": {
    "EN": "North Macedonia",
    "DE": "Nordmazedonien",
    "FR": "Macédoine du Nord"
  },
  "RS": {
    "EN": "Serbia",
    "DE": "Serbien",
    "FR": "Serbie"
  },
  "TR": {
    "EN": "Türkiye",
    "DE": "Türkei",
    "FR": "Turquie"
  },
  "BA": {
    "EN": "Bosnia and Herzegovina",
    "DE": "Bosnien und Herzegowina",
    "FR": "Bosnie Herzégovine"
  },
  "XK": {
    "EN": "Kosovo (UN SCR 1244/99)",
    "DE": "Kosovo (UNSCR 1244/99)",
    "FR": "Kosovo (UNSCR 1244/99)"
  },
  "MD": {
    "EN": "Moldova",
    "DE": "Moldau",
    "FR": "Moldavie"
  },
  "UA": {
    "EN": "Ukraine",
    "DE": "Ukraine",
    "FR": "Ukraine"
  },
  "GE": {
    "EN": "Georgia",
    "DE": "Georgien",
    "FR": "Géorgie"
  },
  "AL": {
    "EN": "Albania",
    "DE": "Albanien",
    "FR": "Albanie"
  },
"TITLE": {
    "EN": "Energy monthly",
    "DE": "Energie monatlich",
    "FR": "Énergie mensuelle"
  },
  "SELECTLANGUAGE": {
    "EN": "Select language",
    "DE": "Sprache auswählen",
    "FR": "Sélectionner la langue"
  },
  "SELECTLANGUAGELABEL": {
    "EN": "Change language, current language is ",
    "DE": "Sprache ändern, aktuelle Sprache ist ",
    "FR": "Changer de langue, la langue actuelle est "
  },
  "CLOSE": {
    "EN": "Close",
    "DE": "Schließen",
    "FR": "Fermer"
  },
  "OFFICIAL": {
    "EN": "Official EU languages:",
    "DE": "Amtssprachen der EU:",
    "FR": "Langues officielles de l'UE:"
  },
  "MAINMENU": {
    "EN": "Menu",
    "DE": "Menü",
    "FR": "Menu"
  },
  "SHOW_TABLE": {
    "EN": "Show table view",
    "FR": "Afficher la vue en tableau",
    "DE": "Tabellenansicht anzeigen"
  },  
"INFO": {
    "EN": "Information",
    "DE": "Informationen",
    "FR": "Infos"
  },
  "TUTORIAL": {
    "EN": "Tutorial",
    "DE": "Anleitung",
    "FR": "Tutoriel"
  },
  "META": {
    "EN": "Metadata",
    "DE": "Metadaten",
    "FR": "Métadonnées"
  },
  "FEED": {
    "EN": "Feedback",
    "DE": "Rückmeldung",
    "FR": "Retour d'information"
  },
  "DOWNLOAD_CHART_IMAGE": {
    "EN": "Download chart image",
    "DE": "Diagrammbild herunterladen",
    "FR": "Télécharger l'image du graphique"
  },
  "DOWNLOAD": {
    "EN": "Download",
    "DE": "Herunterladen",
    "FR": "Télécharger"
  },
  "DOWNLOAD_PNG": {
    "EN": "Download PNG image",
    "DE": "PNG-Bild herunterladen",
    "FR": "Télécharger l'image PNG"
  },
  "DOWNLOAD_JPEG": {
    "EN": "Download JPEG image",
    "DE": "JPEG-Bild herunterladen",
    "FR": "Télécharger l'image JPEG"
  },
  "DOWNLOAD_XLS": {
    "EN": "Download Excel file",
    "DE": "Excel-Datei herunterladen",
    "FR": "Télécharger le fichier Excel"
  },
  "SHARE": {
    "EN": "Share",
    "DE": "Teilen",
    "FR": "Partager"
  },
  "TWITTER": {
    "EN": "X",
    "DE": "X",
    "FR": "X"
  },
  "LINKEDIN": {
    "EN": "LinkedIn",
    "DE": "LinkedIn",
    "FR": "LinkedIn"
  },
  "FACEBOOK": {
    "EN": "Facebook",
    "DE": "Facebook",
    "FR": "Facebook"
  },
  "EMBEDDED": {
    "EN": "Embedded chart iframe",
    "DE": "Diagramm einbetten (iframe)",
    "FR": "Intégrer le graphique (iframe)"
  },
  "TOOLS": {
    "EN": "Tools",
    "DE": "Werkzeuge",
    "FR": "Outils"
  },
  "COPY": {
    "EN": "Copy",
    "DE": "Kopieren",
    "FR": "Copier"
  },
  "COPYURL": {
    "EN": "Copy the URL",
    "DE": "URL kopieren",
    "FR": "Copier l'URL"
  },
  "CTR": {
    "EN": "Countries",
    "DE": "Länder",
    "FR": "Pays"
  },
  "MENU_COUNTRY": {
    "EN": "Select countries",
    "DE": "Länder auswählen",
    "FR": "Sélectionner les pays"
  },
  "FLOW": {
    "EN": "Flow",
    "DE": "Fluss",
    "FR": "Flux"
  },
"MENU_FLOW": {
    "EN": "Select flow",
    "DE": "Fluss auswählen",
    "FR": "Sélectionner le flux"
  },
  "FUEL": {
    "EN": "Fuel",
    "DE": "Kraftstoff",
    "FR": "Carburant"
  },
  "MENU_FUEL": {
    "EN": "Select fuel",
    "DE": "Kraftstoff auswählen",
    "FR": "Sélectionner le carburant"
  },
  "INDICATOR": {
    "EN": "Indicator",
    "DE": "Indikator",
    "FR": "Indicateur"
  },
"MENU_INDICATOR": {
    "EN": "Select indicator",
    "DE": "Indikator auswählen",
    "FR": "Sélectionner l'indicateur"
  },
  "UNIT": {
    "EN": "Unit",
    "DE": "Einheit",
    "FR": "Unité"
  },
  "MENU_UNIT": {
    "EN": "Select unit",
    "DE": "Einheit auswählen",
    "FR": "Sélectionner l'unité"
  },
  "AGGREGATE": {
    "EN": "Aggregate",
    "DE": "Aggregat",
    "FR": "agrégat"
  },
  "EUCTR": {
    "EN": "EU countries",
    "DE": "EU-Länder",
    "FR": "Pays de l'UE"
  },
  "EFTA": {
    "EN": "EFTA countries",
    "DE": "EFTA-Länder",
    "FR": "Pays de l'AELE"
  },
  "ENLARGEMENT": {
    "EN": "Enlargement countries",
    "DE": "Erweiterungsländer",
    "FR": "Pays en élargissement"
  },
  "OTHERCTR": {
    "EN": "Other third countries",
    "DE": "Andere Drittländer",
    "FR": "Autres pays tiers"
  },
  "nrg_cb_sffm": {
    "EN": "Supply and transformation of solid fossil fuels",
    "DE": "Versorgung und Umwandlung fester fossiler Brennstoffe",
    "FR": "Approvisionnement et transformation des combustibles fossiles solides"
  },
"nrg_cb_oilm": {
    "EN": "Supply and transformation of oil and petroleum products",
    "DE": "Versorgung und Umwandlung von Öl und Mineralölerzeugnissen",
    "FR": "Approvisionnement et transformation du pétrole et des produits pétroliers"
  },
"nrg_cb_cosm": {
    "EN": "Crude oil supply",
    "DE": "Versorgung mit Rohöl",
    "FR": "Approvisionnement en pétrole brut"
  },
"nrg_cb_gasm": {
    "EN": "Supply, transformation and consumption of gas",
    "DE": "Versorgung, Umwandlung und Verbrauch von Gas",
    "FR": "Approvisionnement, transformation et consommation de gaz"
  },
"nrg_cb_em": {
    "EN": "Supply, transformation and consumption of electricity",
    "DE": "Versorgung, Umwandlung und Verbrauch von Strom",
    "FR": "Approvisionnement, transformation et consommation d'électricité"
  },
"nrg_cb_pem": {
    "EN": "Net electricity generation by type of fuel",
    "DE": "Nettostromerzeugung nach Brennstoffart",
    "FR": "Production nette d'électricité par type de combustible"
  },
"nrg_cb_pem_RW": {
    "EN": "Net electricity generation Renewable vs non-renewable electricity",
    "DE": "Nettostromerzeugung Erneuerbar vs. nicht erneuerbar",
    "FR": "Production nette d'électricité Renouvelable vs non renouvelable"
  },
"nrg_cb_cosm_Fuel": {
    "EN": "Crude oil",
    "DE": "Rohöl",
    "FR": "Pétrole brut"
  },
  "IPRD": {
    "EN": "Indigenous production",
    "DE": "Inlandsproduktion",
    "FR": "Production indigène"
  },
"IMP": {
    "EN": "Imports",
    "DE": "Einfuhren",
    "FR": "Importations"
  },
"EXP": {
    "EN": "Exports",
    "DE": "Ausfuhren",
    "FR": "Exportations"
  },
"PRD": {
    "EN": "Production",
    "DE": "Produktion",
    "FR": "Production"
  },
"NETIMP": {
    "EN": "Net imports",
    "DE": "Nettoeinfuhren",
    "FR": "Importations nettes"
  },
"GID_CAL": {
    "EN": "Gross inland deliveries - calculated",
    "DE": "Bruttoinlandslieferungen - berechnet",
    "FR": "Livraisons intérieures brutes - calculées"
  },
"Net_imp": {
    "EN": "Net imports",
    "DE": "Nettoeinfuhren",
    "FR": "Importations nettes"
  },
"TO_RPI_RO": {
    "EN": "Refinery output",
    "DE": "Raffinerieausstoß",
    "FR": "Production des raffineries"
  },
"STK_CHG_MG": {
    "EN": "Stock changes - as defined in MOS GAS",
    "DE": "Bestandsveränderungen - definiert wie in MOS GAS",
    "FR": "Variations de stocks - comme défini dans MOS GAS"
  },
"IC_CAL_MG": {
    "EN": "Inland consumption - calculated as defined in MOS GAS",
    "DE": "Inlandsverbrauch - berechnet wie im MOS GAS",
    "FR": "Consommation intérieure - calculée comme défini dans MOS GAS"
  },
"DL": {
    "EN": "Distribution losses",
    "DE": "Netzverluste",
    "FR": "Pertes de distribution"
  },
"AIM": {
    "EN": "Available to internal market",
    "DE": "Verfügbar für den inländischen Markt",
    "FR": "Disponible pour le marché intérieur"
  },
"noNrg": {
    "EN": "No NRG inside dataset",
    "DE": "Keine NRG im Datensatz",
    "FR": "Pas de NRG dans l'ensemble de données"
  },
"NEG": {
    "EN": "Net electricity generation",
    "DE": "Netto-Stromerzeugung",
    "FR": "Production nette d'électricité"
  },
"RVN": {
    "EN": "Renewable vs non-renewable",
    "DE": "Erneuerbare vs nicht erneuerbare",
    "FR": "Renouvelable vs non renouvelable"
  },
"C0100": {
    "EN": "Hard coal",
    "DE": "Steinkohle",
    "FR": "Houille"
  },
"C0200": {
    "EN": "Brown coal",
    "DE": "Braunkohle",
    "FR": "Charbon brun"
  },
"C0311": {
    "EN": "Coke oven coke",
    "DE": "Kokereikoks",
    "FR": "Coke de four à coke"
  },
"P1100": {
    "EN": "Peat",
    "DE": "Torf",
    "FR": "Tourbe"
  },
"S2000": {
    "EN": "Oil shale and oil sands",
    "DE": "Ölschiefer und bituminöse Sande",
    "FR": "Schiste bitumineux et sables bitumineux"
  },
"O4640": {
    "EN": "Naphtha",
    "DE": "Naphta",
    "FR": "Naphta"
  },
"O4652": {
    "EN": "Motor gasoline",
    "DE": "Motorenbenzin",
    "FR": "Essence moteur"
  },
"O4661": {
    "EN": "Kerosene-type jet fuel",
    "DE": "Flugturbinenkraftstoff auf Petroleumbasis",
    "FR": "Carburéacteur type kérosène"
  },
"O4671": {
    "EN": "Gas oil and diesel oil",
    "DE": "Gasöl und Dieselöl",
    "FR": "Gazole et carburant diesel"
  },
"O4630": {
    "EN": "Liquefied petroleum gases",
    "DE": "Flüssiggas",
    "FR": "Gaz de pétrole liquéfiés"
  },
"O4680": {
    "EN": "Fuel oil",
    "DE": "Heizöl",
    "FR": "Fioul"
  },
"G3000": {
    "EN": "Natural gas",
    "DE": "Erdgas",
    "FR": "Gaz naturel"
  },
"E7000": {
    "EN": "Electricity",
    "DE": "Elektrizität",
    "FR": "Électricité"
  },
"C0000": {
    "EN": "Coal and manufactured gases",
    "DE": "Kohle und synthetische Gase",
    "FR": "Charbon et gaz manufacturés"
  },
"O4000XBIO": {
    "EN": "Oil and petroleum products (excluding biofuel portion)",
    "DE": "Öl und Mineralölerzeugnisse (ohne Biokraftstoffanteil)",
    "FR": "Pétrole et produits pétroliers (part de biocarburant non comprise)"
  },
"N9000": {
    "EN": "Nuclear fuels and other fuels n.e.c.",
    "DE": "Nukleare Brennstoffe und sonstige Brennstoffe a.n.g.",
    "FR": "Combustibles nucléaires et autres combustibles n.c.a."
  },
"RA100": {
    "EN": "Hydro",
    "DE": "Wasserenergie",
    "FR": "Hydraulique"
  },
"RA200": {
    "EN": "Geothermal",
    "DE": "Geothermie",
    "FR": "Géothermique"
  },
"RA300": {
    "EN": "Wind",
    "DE": "Wind",
    "FR": "Éolien"
  },
"RA400": {
    "EN": "Solar",
    "DE": "Solar",
    "FR": "Solaire"
  },
"RA500_5160": {
    "EN": "Other renewable energies",
    "DE": "Sonstige erneuerbare Energien",
    "FR": "Autres énergies renouvelables"
  },
"O4000": {
    "EN": "Oil and petroleum products",
    "DE": "Öl und Mineralölerzeugnisse",
    "FR": "Pétrole et produits pétroliers"
  },
"O4100_TOT_4200-4500": {
    "EN": "Crude oil, NGL, refinery feedstocks, additives and oxygenates and other hydrocarbons",
    "DE": "Rohöl, NGL, Einsatzmaterial und sonstige Kohlenwasserstoffe",
    "FR": "Pétrole brut, LGN, produits d'alimentation et autres hydrocarbures"
  },
"O4600": {
    "EN": "Oil products",
    "DE": "Mineralölerzeugnisse",
    "FR": "Produits pétroliers"
  },
"rw": {
    "EN": "Renewables",
    "DE": "Erneuerbare Energien",
    "FR": "Énergies renouvelables"
  },
"nrw": {
    "EN": "Non-renewables",
    "DE": "Nicht erneuerbare Energien",
    "FR": "Énergies non renouvelables"
  },
"TOTAL": {
    "EN": "Total",
    "DE": "Gesamt",
    "FR": "Total"
  },
"X9900": {
    "EN": "Other fuels n.e.c.",
    "DE": "Sonstige Brennstoffe n.a.g.",
    "FR": "Autres combustibles n.d.a."
  },
"CF": {
    "EN": "Combustible fuels",
    "DE": "Brennbare Brennstoffe",
    "FR": "Carburants combustibles"
  },
  "MIO_M3": {
    "EN": "Million cubic metres (MIO_M3)",
    "DE": "Millionen Kubikmeter (MIO_M3)",
    "FR": "Million de mètres cubes (MIO_M3)"
  },
"TJ_GCV": {
    "EN": "Terajoule (gross calorific value - GCV) (TJ_GCV)",
    "DE": "Terajoule (Bruttoheizwert - GCV) (TJ_GCV)",
    "FR": "Térajoule (valeur calorifique brute - GCV) (TJ_GCV)"
  },
"THS_T": {
    "EN": "Thousand tonnes (THS_T)",
    "DE": "Tausend Tonnen (THS_T)",
    "FR": "Mille tonnes (THS_T)"
  },
"GWH": {
    "EN": "Gigawatt-hour (GWH)",
    "DE": "Gigawattstunde (GWH)",
    "FR": "Gigawattheure (GWH)"
  },
  "SHOW_BAR_CHART": {
    "EN": "Show bar chart",
    "FR": "Afficher le graphique en barres",
    "DE": "Balkendiagramm anzeigen"
  },
  "SHOW_PIE_CHART": {
    "EN": "Show pie chart",
    "FR": "Afficher le graphique en secteurs",
    "DE": "Kreisdiagramm anzeigen"
  },
  "PRINT_CHART": {
    "EN": "Print chart",
    "FR": "Imprimer le graphique",
    "DE": "Diagramm drucken"
  },
  "SHOW_PERCENTAGE": {
    "EN": "Show percentage view",
    "FR": "Afficher la vue en pourcentage",
    "DE": "Prozentansicht anzeigen"
  },
  "DETAILS": {
    "EN": "Show details",
    "DE": "Details anzeigen",
    "FR": "Afficher les détails"
  },
  "RENEW": {
    "EN": "Show renewables/non-renewables",
    "DE": "Erneuerbare/nicht erneuerbare Energien anzeigen",
    "FR": "Afficher renouvelables/non-renouvelables"
  },
  "HIDE_DETAILS": {
    "EN": "Hide details",
    "DE": "Details verbergen",
    "FR": "Masquer les détails"
  },

  "SELECT_ORDER_OF_CHART": {
    "EN": "Select the order of the chart",
    "FR": "Sélectionnez l'ordre du graphique",
    "DE": "Wählen Sie die Reihenfolge des Diagramms"
  },

  "SHOW_AGGREGATES": {
    "EN": "Show aggregates",
    "FR": "Afficher les agrégats",
    "DE": "Aggregate anzeigen"
  },
 "HIGH": {
    "EN": "Highest value of this month",
    "DE": "Höchstwert dieses Monats",
    "FR": "Valeur la plus élevée de ce mois"
  },
"LOW": {
    "EN": "Lowest value of this month",
    "DE": "Niedrigster Wert dieses Monats",
    "FR": "Valeur la plus basse de ce mois"
  },
  "YEAR": {
    "EN": "Year",
    "DE": "Jahr",
    "FR": "Année"
  },
  "COOKIES": {
    "EN": "Cookies policy",
    "DE": "Cookie-Richtlinie",
    "FR": "Politique de cookies"
  },
  "PRIVACY": {
    "EN": "Privacy policy",
    "DE": "Datenschutzrichtlinie",
    "FR": "Politique de confidentialité"
  },
  "LEGAL": {
    "EN": "Legal notice",
    "DE": "Rechtlicher Hinweis",
    "FR": "Mention légale"
  },
  "ACCESS": {
    "EN": "Accessibility",
    "DE": "Barrierefreiheit",
    "FR": "Accessibilité"
  },
  "NODATA": {
    "EN": "No data available",
    "DE": "Keine Daten verfügbar",
    "FR": "Aucune donnée disponible"
  },
"CREDITS": {
    "EN": "Source: Eurostat",
    "DE": "Quelle: Eurostat",
    "FR": "Source : Eurostat"
  },
  "RANGE": {
    "EN": "Range",
    "DE": "Bereich",
    "FR": "Plage"
  },
  "VALUES": {
    "EN": "Values",
    "DE": "Werte",
    "FR": "Valeurs"
  },
  "FLAG_NA": {
    "EN": "Not available",
    "DE": "Nicht verfügbar",
    "FR": "Non disponible"
  },
  "FLAG_C": {
    "EN": "Confidential",
    "DE": "Vertraulich",
    "FR": "Confidentiel"
  },
  "FLAG_P": {
    "EN": "Provisional",
    "DE": "Vorläufig",
    "FR": "Provisoire"
  },
  "FLAG_E": {
    "EN": "Estimated",
    "DE": "Geschätzt",
    "FR": "Estimé"
  },
  "FLAG_N": {
    "EN": "Not significant",
    "DE": "Nicht signifikant",
    "FR": "Non significatif"
  },
  "FLAG_B": {
    "EN": "Break in time series",
    "DE": "Bruch in der Zeitreihe",
    "FR": "Rupture dans la série chronologique"
  },
  "FLAG_S": {
    "EN": "Eurostat estimate",
    "DE": "Eurostat-Schätzung",
    "FR": "Estimation Eurostat"
  },
  "FLAG_F": {
    "EN": "Forecast",
    "DE": "Prognose",
    "FR": "Prévision"
  },
  "FLAG_U": {
    "EN": "Low reliability",
    "DE": "Geringe Zuverlässigkeit",
    "FR": "Fiabilité faible"
  },
  "FLAG_D": {
    "EN": "Definition differs, see metadata",
    "DE": "Definition weicht ab, siehe Metadaten",
    "FR": "La définition diffère, voir les métadonnées"
  },
  "FLAG_I": {
    "EN": "See metadata",
    "DE": "Siehe Metadaten",
    "FR": "Voir les métadonnées"
  },
  "FLAG_R": {
    "EN": "Revised",
    "DE": "Überarbeitet",
    "FR": "Révisé"
  },
  "FLAG_Z": {
    "EN": "Not applicable",
    "DE": "Nicht zutreffend",
    "FR": "Non applicable"
  },
  "BACK": {
    "EN": "Back",
    "FR": "Retour",
    "DE": "Zurück"
  },
  "NEXT": {
    "EN": "Next",
    "FR": "Suivant",
    "DE": "Weiter"
  },
  "DB": {
    "EN": "Dataset",
    "DE": "Datensatz",
    "FR": "Jeu de données"
  }
}
